{ "compressionlevel":-1,
 "height":20,
 "infinite":false,
 "layers":[
        {
         "data":[2, 2, 2, 2, 2, 2, 2, 2, 2, 2, 2, 2, 2, 2,
            12, 12, 12, 12, 12, 12, 12, 12, 12, 12, 12, 12, 12, 12,
            12, 12, 12, 12, 12, 12, 12, 12, 12, 12, 12, 12, 12, 12,
            12, 12, 12, 12, 12, 12, 12, 12, 12, 12, 12, 12, 12, 12,
            12, 12, 12, 12, 12, 12, 12, 12, 12, 12, 12, 12, 12, 12,
            12, 12, 12, 12, 12, 12, 12, 12, 12, 12, 12, 12, 12, 12,
            12, 12, 12, 12, 12, 12, 12, 12, 12, 12, 12, 12, 12, 12,
            12, 12, 12, 12, 12, 12, 12, 12, 12, 12, 12, 12, 12, 12,
            12, 12, 12, 12, 12, 12, 12, 12, 12, 12, 12, 12, 12, 12,
            12, 12, 12, 12, 12, 12, 12, 12, 12, 12, 12, 12, 12, 12,
            12, 12, 12, 12, 12, 12, 12, 12, 12, 12, 12, 12, 12, 12,
            12, 12, 12, 12, 12, 12, 12, 12, 12, 12, 12, 12, 12, 12,
            12, 12, 12, 12, 12, 12, 12, 12, 12, 12, 12, 12, 12, 12,
            12, 12, 12, 12, 12, 12, 12, 12, 12, 12, 12, 12, 12, 12,
            12, 12, 12, 12, 12, 12, 12, 12, 12, 12, 12, 12, 12, 12,
            12, 12, 12, 12, 12, 12, 12, 12, 12, 12, 12, 12, 12, 12,
            12, 12, 12, 12, 12, 12, 12, 12, 12, 12, 12, 12, 12, 12,
            12, 12, 12, 12, 12, 12, 12, 12, 12, 12, 12, 12, 12, 12,
            12, 12, 12, 12, 12, 12, 12, 12, 12, 12, 12, 12, 12, 12,
            12, 12, 12, 12, 12, 12, 12, 12, 12, 12, 12, 12, 12, 12],
         "height":20,
         "id":1,
         "name":"Tile Layer 1",
         "opacity":1,
         "type":"tilelayer",
         "visible":true,
         "width":14,
         "x":0,
         "y":0
        }],
 "nextlayerid":2,
 "nextobjectid":1,
 "orientation":"orthogonal",
 "renderorder":"right-down",
 "tiledversion":"1.10.2",
 "tileheight":64,
 "tilesets":[
        {
         "columns":10,
         "firstgid":1,
         "image":"pixel-platform-tileset\/Platform-Tiles64.png",
         "imageheight":384,
         "imagewidth":640,
         "margin":0,
         "name":"tiles",
         "spacing":0,
         "tilecount":60,
         "tileheight":64,
         "tilewidth":64
        }],
 "tilewidth":64,
 "type":"map",
 "version":"1.10",
 "width":14
}