{"frames":{"sprite1":{"frame":{"x":37,"y":28,"w":179,"h":230},"rotated":false,"trimmed":false,"spriteSourceSize":{"x":0,"y":0,"w":179,"h":230},"sourceSize":{"w":179,"h":230}},"sprite2":{"frame":{"x":230,"y":28,"w":181,"h":230},"rotated":false,"trimmed":false,"spriteSourceSize":{"x":0,"y":0,"w":181,"h":230},"sourceSize":{"w":181,"h":230}},"sadness":{"frame":{"x":423,"y":28,"w":182,"h":230},"rotated":false,"trimmed":false,"spriteSourceSize":{"x":0,"y":0,"w":182,"h":230},"sourceSize":{"w":182,"h":230}},"sprite4":{"frame":{"x":618,"y":28,"w":180,"h":230},"rotated":false,"trimmed":false,"spriteSourceSize":{"x":0,"y":0,"w":180,"h":230},"sourceSize":{"w":180,"h":230}},"sprite5":{"frame":{"x":811,"y":28,"w":180,"h":230},"rotated":false,"trimmed":false,"spriteSourceSize":{"x":0,"y":0,"w":180,"h":230},"sourceSize":{"w":180,"h":230}},"happy":{"frame":{"x":37,"y":273,"w":182,"h":232},"rotated":false,"trimmed":false,"spriteSourceSize":{"x":0,"y":0,"w":182,"h":232},"sourceSize":{"w":182,"h":232}},"wow":{"frame":{"x":230,"y":273,"w":185,"h":233},"rotated":false,"trimmed":false,"spriteSourceSize":{"x":0,"y":0,"w":185,"h":233},"sourceSize":{"w":185,"h":233}},"snapchat":{"frame":{"x":423,"y":273,"w":182,"h":232},"rotated":false,"trimmed":false,"spriteSourceSize":{"x":0,"y":0,"w":182,"h":232},"sourceSize":{"w":182,"h":232}},"nin":{"frame":{"x":618,"y":273,"w":180,"h":237},"rotated":false,"trimmed":false,"spriteSourceSize":{"x":0,"y":0,"w":180,"h":237},"sourceSize":{"w":180,"h":237}},"sprite10":{"frame":{"x":811,"y":273,"w":180,"h":232},"rotated":false,"trimmed":false,"spriteSourceSize":{"x":0,"y":0,"w":180,"h":232},"sourceSize":{"w":180,"h":232}},"sprite11":{"frame":{"x":397,"y":507,"w":9,"h":5},"rotated":false,"trimmed":false,"spriteSourceSize":{"x":0,"y":0,"w":9,"h":5},"sourceSize":{"w":9,"h":5}},"whatsapp":{"frame":{"x":37,"y":519,"w":179,"h":230},"rotated":false,"trimmed":false,"spriteSourceSize":{"x":0,"y":0,"w":179,"h":230},"sourceSize":{"w":179,"h":230}},"facebook":{"frame":{"x":228,"y":519,"w":188,"h":233},"rotated":false,"trimmed":false,"spriteSourceSize":{"x":0,"y":0,"w":188,"h":233},"sourceSize":{"w":188,"h":233}},"sprite14":{"frame":{"x":423,"y":519,"w":186,"h":230},"rotated":false,"trimmed":false,"spriteSourceSize":{"x":0,"y":0,"w":186,"h":230},"sourceSize":{"w":186,"h":230}},"fear":{"frame":{"x":618,"y":519,"w":180,"h":230},"rotated":false,"trimmed":false,"spriteSourceSize":{"x":0,"y":0,"w":180,"h":230},"sourceSize":{"w":180,"h":230}},"sprite16":{"frame":{"x":811,"y":519,"w":180,"h":229},"rotated":false,"trimmed":false,"spriteSourceSize":{"x":0,"y":0,"w":180,"h":229},"sourceSize":{"w":180,"h":229}},"instagram":{"frame":{"x":37,"y":762,"w":179,"h":227},"rotated":false,"trimmed":false,"spriteSourceSize":{"x":0,"y":0,"w":179,"h":227},"sourceSize":{"w":179,"h":227}},"sprite18":{"frame":{"x":230,"y":762,"w":182,"h":227},"rotated":false,"trimmed":false,"spriteSourceSize":{"x":0,"y":0,"w":182,"h":227},"sourceSize":{"w":182,"h":227}},"sprite19":{"frame":{"x":423,"y":762,"w":182,"h":227},"rotated":false,"trimmed":false,"spriteSourceSize":{"x":0,"y":0,"w":182,"h":227},"sourceSize":{"w":182,"h":227}},"twitter":{"frame":{"x":618,"y":762,"w":180,"h":227},"rotated":false,"trimmed":false,"spriteSourceSize":{"x":0,"y":0,"w":180,"h":227},"sourceSize":{"w":180,"h":227}},"back":{"frame":{"x":811,"y":762,"w":180,"h":227},"rotated":false,"trimmed":false,"spriteSourceSize":{"x":0,"y":0,"w":180,"h":227},"sourceSize":{"w":180,"h":227}}},"meta":{"app":"https://www.leshylabs.com/apps/sstool/","version":"Leshy SpriteSheet Tool v0.8.4","image":"bulying.png","size":{"w":1024,"h":1024},"scale":1}}