{"frames":{"CasualAvatar_09":{"frame":{"x":0,"y":0,"w":512,"h":512},"rotated":false,"trimmed":false,"spriteSourceSize":{"x":0,"y":0,"w":512,"h":512},"sourceSize":{"w":512,"h":512}},"CasualAvatar_00":{"frame":{"x":0,"y":513,"w":512,"h":512},"rotated":false,"trimmed":false,"spriteSourceSize":{"x":0,"y":0,"w":512,"h":512},"sourceSize":{"w":512,"h":512}},"CasualAvatar_01":{"frame":{"x":513,"y":0,"w":512,"h":512},"rotated":false,"trimmed":false,"spriteSourceSize":{"x":0,"y":0,"w":512,"h":512},"sourceSize":{"w":512,"h":512}},"CasualAvatar_02":{"frame":{"x":513,"y":513,"w":512,"h":512},"rotated":false,"trimmed":false,"spriteSourceSize":{"x":0,"y":0,"w":512,"h":512},"sourceSize":{"w":512,"h":512}},"CasualAvatar_03":{"frame":{"x":0,"y":1026,"w":512,"h":512},"rotated":false,"trimmed":false,"spriteSourceSize":{"x":0,"y":0,"w":512,"h":512},"sourceSize":{"w":512,"h":512}},"CasualAvatar_04":{"frame":{"x":513,"y":1026,"w":512,"h":512},"rotated":false,"trimmed":false,"spriteSourceSize":{"x":0,"y":0,"w":512,"h":512},"sourceSize":{"w":512,"h":512}},"CasualAvatar_05":{"frame":{"x":1026,"y":0,"w":512,"h":512},"rotated":false,"trimmed":false,"spriteSourceSize":{"x":0,"y":0,"w":512,"h":512},"sourceSize":{"w":512,"h":512}},"CasualAvatar_06":{"frame":{"x":1026,"y":513,"w":512,"h":512},"rotated":false,"trimmed":false,"spriteSourceSize":{"x":0,"y":0,"w":512,"h":512},"sourceSize":{"w":512,"h":512}},"CasualAvatar_07":{"frame":{"x":1026,"y":1026,"w":512,"h":512},"rotated":false,"trimmed":false,"spriteSourceSize":{"x":0,"y":0,"w":512,"h":512},"sourceSize":{"w":512,"h":512}},"CasualAvatar_08":{"frame":{"x":0,"y":1539,"w":512,"h":512},"rotated":false,"trimmed":false,"spriteSourceSize":{"x":0,"y":0,"w":512,"h":512},"sourceSize":{"w":512,"h":512}}},"meta":{"app":"https://www.leshylabs.com/apps/sstool/","version":"Leshy SpriteSheet Tool v0.8.4","image":"avatars.png","size":{"w":1538,"h":2051},"scale":1}}