{"frames":{"sprite1":{"frame":{"x":0,"y":0,"w":640,"h":320},"rotated":false,"trimmed":false,"spriteSourceSize":{"x":0,"y":0,"w":640,"h":320},"sourceSize":{"w":640,"h":320}},"sprite2":{"frame":{"x":8,"y":340,"w":48,"h":40},"rotated":false,"trimmed":false,"spriteSourceSize":{"x":0,"y":0,"w":48,"h":40},"sourceSize":{"w":48,"h":40}},"sprite3":{"frame":{"x":72,"y":340,"w":48,"h":40},"rotated":false,"trimmed":false,"spriteSourceSize":{"x":0,"y":0,"w":48,"h":40},"sourceSize":{"w":48,"h":40}},"sprite4":{"frame":{"x":136,"y":340,"w":48,"h":40},"rotated":false,"trimmed":false,"spriteSourceSize":{"x":0,"y":0,"w":48,"h":40},"sourceSize":{"w":48,"h":40}},"sprite5":{"frame":{"x":200,"y":340,"w":48,"h":40},"rotated":false,"trimmed":false,"spriteSourceSize":{"x":0,"y":0,"w":48,"h":40},"sourceSize":{"w":48,"h":40}},"sprite6":{"frame":{"x":264,"y":340,"w":48,"h":40},"rotated":false,"trimmed":false,"spriteSourceSize":{"x":0,"y":0,"w":48,"h":40},"sourceSize":{"w":48,"h":40}},"heart":{"frame":{"x":328,"y":340,"w":48,"h":40},"rotated":false,"trimmed":false,"spriteSourceSize":{"x":0,"y":0,"w":48,"h":40},"sourceSize":{"w":48,"h":40}},"sprite8":{"frame":{"x":392,"y":340,"w":48,"h":40},"rotated":false,"trimmed":false,"spriteSourceSize":{"x":0,"y":0,"w":48,"h":40},"sourceSize":{"w":48,"h":40}},"sprite9":{"frame":{"x":456,"y":340,"w":48,"h":40},"rotated":false,"trimmed":false,"spriteSourceSize":{"x":0,"y":0,"w":48,"h":40},"sourceSize":{"w":48,"h":40}},"NOheart":{"frame":{"x":520,"y":340,"w":48,"h":40},"rotated":false,"trimmed":false,"spriteSourceSize":{"x":0,"y":0,"w":48,"h":40},"sourceSize":{"w":48,"h":40}}},"meta":{"app":"https://www.leshylabs.com/apps/sstool/","version":"Leshy SpriteSheet Tool v0.8.4","image":"spritesheet.png","size":{"w":640,"h":384},"scale":1}}