{"frames":{"FR_Slime4_Idle_000":{"frame":{"x":0,"y":0,"w":1333,"h":936},"rotated":false,"trimmed":false,"spriteSourceSize":{"x":0,"y":0,"w":1333,"h":936},"sourceSize":{"w":1333,"h":936}},"FR_Slime4_Idle_001":{"frame":{"x":0,"y":937,"w":1333,"h":936},"rotated":false,"trimmed":false,"spriteSourceSize":{"x":0,"y":0,"w":1333,"h":936},"sourceSize":{"w":1333,"h":936}},"FR_Slime4_Idle_002":{"frame":{"x":1334,"y":0,"w":1333,"h":936},"rotated":false,"trimmed":false,"spriteSourceSize":{"x":0,"y":0,"w":1333,"h":936},"sourceSize":{"w":1333,"h":936}},"FR_Slime4_Idle_003":{"frame":{"x":1334,"y":937,"w":1333,"h":936},"rotated":false,"trimmed":false,"spriteSourceSize":{"x":0,"y":0,"w":1333,"h":936},"sourceSize":{"w":1333,"h":936}},"FR_Slime4_Idle_004":{"frame":{"x":0,"y":1874,"w":1333,"h":936},"rotated":false,"trimmed":false,"spriteSourceSize":{"x":0,"y":0,"w":1333,"h":936},"sourceSize":{"w":1333,"h":936}},"FR_Slime4_Idle_005":{"frame":{"x":1334,"y":1874,"w":1333,"h":936},"rotated":false,"trimmed":false,"spriteSourceSize":{"x":0,"y":0,"w":1333,"h":936},"sourceSize":{"w":1333,"h":936}},"FR_Slime4_Idle_006":{"frame":{"x":0,"y":2811,"w":1333,"h":936},"rotated":false,"trimmed":false,"spriteSourceSize":{"x":0,"y":0,"w":1333,"h":936},"sourceSize":{"w":1333,"h":936}},"FR_Slime4_Idle_007":{"frame":{"x":1334,"y":2811,"w":1333,"h":936},"rotated":false,"trimmed":false,"spriteSourceSize":{"x":0,"y":0,"w":1333,"h":936},"sourceSize":{"w":1333,"h":936}},"FR_Slime4_Idle_008":{"frame":{"x":2668,"y":0,"w":1333,"h":936},"rotated":false,"trimmed":false,"spriteSourceSize":{"x":0,"y":0,"w":1333,"h":936},"sourceSize":{"w":1333,"h":936}},"FR_Slime4_Idle_009":{"frame":{"x":2668,"y":937,"w":1333,"h":936},"rotated":false,"trimmed":false,"spriteSourceSize":{"x":0,"y":0,"w":1333,"h":936},"sourceSize":{"w":1333,"h":936}},"FR_Slime4_Idle_010":{"frame":{"x":2668,"y":1874,"w":1333,"h":936},"rotated":false,"trimmed":false,"spriteSourceSize":{"x":0,"y":0,"w":1333,"h":936},"sourceSize":{"w":1333,"h":936}},"FR_Slime4_Idle_011":{"frame":{"x":2668,"y":2811,"w":1333,"h":936},"rotated":false,"trimmed":false,"spriteSourceSize":{"x":0,"y":0,"w":1333,"h":936},"sourceSize":{"w":1333,"h":936}},"FR_Slime4_Move_000":{"frame":{"x":0,"y":3748,"w":1333,"h":936},"rotated":false,"trimmed":false,"spriteSourceSize":{"x":0,"y":0,"w":1333,"h":936},"sourceSize":{"w":1333,"h":936}},"FR_Slime4_Move_001":{"frame":{"x":1334,"y":3748,"w":1333,"h":936},"rotated":false,"trimmed":false,"spriteSourceSize":{"x":0,"y":0,"w":1333,"h":936},"sourceSize":{"w":1333,"h":936}},"FR_Slime4_Move_002":{"frame":{"x":2668,"y":3748,"w":1333,"h":936},"rotated":false,"trimmed":false,"spriteSourceSize":{"x":0,"y":0,"w":1333,"h":936},"sourceSize":{"w":1333,"h":936}},"FR_Slime4_Move_003":{"frame":{"x":4002,"y":0,"w":1333,"h":936},"rotated":false,"trimmed":false,"spriteSourceSize":{"x":0,"y":0,"w":1333,"h":936},"sourceSize":{"w":1333,"h":936}},"FR_Slime4_Move_004":{"frame":{"x":4002,"y":937,"w":1333,"h":936},"rotated":false,"trimmed":false,"spriteSourceSize":{"x":0,"y":0,"w":1333,"h":936},"sourceSize":{"w":1333,"h":936}},"FR_Slime4_Move_005":{"frame":{"x":4002,"y":1874,"w":1333,"h":936},"rotated":false,"trimmed":false,"spriteSourceSize":{"x":0,"y":0,"w":1333,"h":936},"sourceSize":{"w":1333,"h":936}},"FR_Slime4_Move_006":{"frame":{"x":4002,"y":2811,"w":1333,"h":936},"rotated":false,"trimmed":false,"spriteSourceSize":{"x":0,"y":0,"w":1333,"h":936},"sourceSize":{"w":1333,"h":936}},"FR_Slime4_Move_007":{"frame":{"x":4002,"y":3748,"w":1333,"h":936},"rotated":false,"trimmed":false,"spriteSourceSize":{"x":0,"y":0,"w":1333,"h":936},"sourceSize":{"w":1333,"h":936}},"FR_Slime4_Move_008":{"frame":{"x":0,"y":4685,"w":1333,"h":936},"rotated":false,"trimmed":false,"spriteSourceSize":{"x":0,"y":0,"w":1333,"h":936},"sourceSize":{"w":1333,"h":936}},"FR_Slime4_Move_009":{"frame":{"x":1334,"y":4685,"w":1333,"h":936},"rotated":false,"trimmed":false,"spriteSourceSize":{"x":0,"y":0,"w":1333,"h":936},"sourceSize":{"w":1333,"h":936}},"FR_Slime4_Attack_000":{"frame":{"x":2668,"y":4685,"w":1333,"h":936},"rotated":false,"trimmed":false,"spriteSourceSize":{"x":0,"y":0,"w":1333,"h":936},"sourceSize":{"w":1333,"h":936}},"FR_Slime4_Attack_001":{"frame":{"x":4002,"y":4685,"w":1333,"h":936},"rotated":false,"trimmed":false,"spriteSourceSize":{"x":0,"y":0,"w":1333,"h":936},"sourceSize":{"w":1333,"h":936}},"FR_Slime4_Attack_002":{"frame":{"x":0,"y":5622,"w":1333,"h":936},"rotated":false,"trimmed":false,"spriteSourceSize":{"x":0,"y":0,"w":1333,"h":936},"sourceSize":{"w":1333,"h":936}},"FR_Slime4_Attack_003":{"frame":{"x":1334,"y":5622,"w":1333,"h":936},"rotated":false,"trimmed":false,"spriteSourceSize":{"x":0,"y":0,"w":1333,"h":936},"sourceSize":{"w":1333,"h":936}},"FR_Slime4_Attack_004":{"frame":{"x":2668,"y":5622,"w":1333,"h":936},"rotated":false,"trimmed":false,"spriteSourceSize":{"x":0,"y":0,"w":1333,"h":936},"sourceSize":{"w":1333,"h":936}},"FR_Slime4_Attack_007":{"frame":{"x":4002,"y":5622,"w":1333,"h":936},"rotated":false,"trimmed":false,"spriteSourceSize":{"x":0,"y":0,"w":1333,"h":936},"sourceSize":{"w":1333,"h":936}},"FR_Slime4_Attack_005":{"frame":{"x":5336,"y":0,"w":1333,"h":936},"rotated":false,"trimmed":false,"spriteSourceSize":{"x":0,"y":0,"w":1333,"h":936},"sourceSize":{"w":1333,"h":936}},"FR_Slime4_Attack_006":{"frame":{"x":5336,"y":937,"w":1333,"h":936},"rotated":false,"trimmed":false,"spriteSourceSize":{"x":0,"y":0,"w":1333,"h":936},"sourceSize":{"w":1333,"h":936}},"FR_Slime4_Hurt_000":{"frame":{"x":5336,"y":1874,"w":1333,"h":936},"rotated":false,"trimmed":false,"spriteSourceSize":{"x":0,"y":0,"w":1333,"h":936},"sourceSize":{"w":1333,"h":936}},"FR_Slime4_Hurt_001":{"frame":{"x":5336,"y":2811,"w":1333,"h":936},"rotated":false,"trimmed":false,"spriteSourceSize":{"x":0,"y":0,"w":1333,"h":936},"sourceSize":{"w":1333,"h":936}},"FR_Slime4_Hurt_002":{"frame":{"x":5336,"y":3748,"w":1333,"h":936},"rotated":false,"trimmed":false,"spriteSourceSize":{"x":0,"y":0,"w":1333,"h":936},"sourceSize":{"w":1333,"h":936}},"FR_Slime4_Hurt_003":{"frame":{"x":5336,"y":4685,"w":1333,"h":936},"rotated":false,"trimmed":false,"spriteSourceSize":{"x":0,"y":0,"w":1333,"h":936},"sourceSize":{"w":1333,"h":936}},"FR_Slime4_Hurt_004":{"frame":{"x":5336,"y":5622,"w":1333,"h":936},"rotated":false,"trimmed":false,"spriteSourceSize":{"x":0,"y":0,"w":1333,"h":936},"sourceSize":{"w":1333,"h":936}},"FR_Slime4_Hurt_005":{"frame":{"x":0,"y":6559,"w":1333,"h":936},"rotated":false,"trimmed":false,"spriteSourceSize":{"x":0,"y":0,"w":1333,"h":936},"sourceSize":{"w":1333,"h":936}},"FR_Slime4_Dead_000":{"frame":{"x":1334,"y":6559,"w":1333,"h":936},"rotated":false,"trimmed":false,"spriteSourceSize":{"x":0,"y":0,"w":1333,"h":936},"sourceSize":{"w":1333,"h":936}},"FR_Slime4_Dead_001":{"frame":{"x":2668,"y":6559,"w":1333,"h":936},"rotated":false,"trimmed":false,"spriteSourceSize":{"x":0,"y":0,"w":1333,"h":936},"sourceSize":{"w":1333,"h":936}},"FR_Slime4_Dead_002":{"frame":{"x":4002,"y":6559,"w":1333,"h":936},"rotated":false,"trimmed":false,"spriteSourceSize":{"x":0,"y":0,"w":1333,"h":936},"sourceSize":{"w":1333,"h":936}},"FR_Slime4_Dead_003":{"frame":{"x":5336,"y":6559,"w":1333,"h":936},"rotated":false,"trimmed":false,"spriteSourceSize":{"x":0,"y":0,"w":1333,"h":936},"sourceSize":{"w":1333,"h":936}},"FR_Slime4_Dead_004":{"frame":{"x":6670,"y":0,"w":1333,"h":936},"rotated":false,"trimmed":false,"spriteSourceSize":{"x":0,"y":0,"w":1333,"h":936},"sourceSize":{"w":1333,"h":936}},"FR_Slime4_Dead_005":{"frame":{"x":6670,"y":937,"w":1333,"h":936},"rotated":false,"trimmed":false,"spriteSourceSize":{"x":0,"y":0,"w":1333,"h":936},"sourceSize":{"w":1333,"h":936}}},"meta":{"app":"https://www.leshylabs.com/apps/sstool/","version":"Leshy SpriteSheet Tool v0.8.4","image":"enemy.png","size":{"w":8003,"h":7495},"scale":1}}