{"frames":{"FR_Adventurer_Idle_003":{"frame":{"x":0,"y":0,"w":1333,"h":936},"rotated":false,"trimmed":false,"spriteSourceSize":{"x":0,"y":0,"w":1333,"h":936},"sourceSize":{"w":1333,"h":936}},"FR_Adventurer_Idle_004":{"frame":{"x":0,"y":937,"w":1333,"h":936},"rotated":false,"trimmed":false,"spriteSourceSize":{"x":0,"y":0,"w":1333,"h":936},"sourceSize":{"w":1333,"h":936}},"FR_Adventurer_Idle_005":{"frame":{"x":1334,"y":0,"w":1333,"h":936},"rotated":false,"trimmed":false,"spriteSourceSize":{"x":0,"y":0,"w":1333,"h":936},"sourceSize":{"w":1333,"h":936}},"FR_Adventurer_Idle_006":{"frame":{"x":1334,"y":937,"w":1333,"h":936},"rotated":false,"trimmed":false,"spriteSourceSize":{"x":0,"y":0,"w":1333,"h":936},"sourceSize":{"w":1333,"h":936}},"FR_Adventurer_Idle_007":{"frame":{"x":0,"y":1874,"w":1333,"h":936},"rotated":false,"trimmed":false,"spriteSourceSize":{"x":0,"y":0,"w":1333,"h":936},"sourceSize":{"w":1333,"h":936}},"FR_Adventurer_Idle_008":{"frame":{"x":1334,"y":1874,"w":1333,"h":936},"rotated":false,"trimmed":false,"spriteSourceSize":{"x":0,"y":0,"w":1333,"h":936},"sourceSize":{"w":1333,"h":936}},"FR_Adventurer_Idle_009":{"frame":{"x":0,"y":2811,"w":1333,"h":936},"rotated":false,"trimmed":false,"spriteSourceSize":{"x":0,"y":0,"w":1333,"h":936},"sourceSize":{"w":1333,"h":936}},"FR_Adventurer_Idle_010":{"frame":{"x":1334,"y":2811,"w":1333,"h":936},"rotated":false,"trimmed":false,"spriteSourceSize":{"x":0,"y":0,"w":1333,"h":936},"sourceSize":{"w":1333,"h":936}},"FR_Adventurer_Idle_011":{"frame":{"x":2668,"y":0,"w":1333,"h":936},"rotated":false,"trimmed":false,"spriteSourceSize":{"x":0,"y":0,"w":1333,"h":936},"sourceSize":{"w":1333,"h":936}},"FR_Adventurer_Idle_000":{"frame":{"x":2668,"y":937,"w":1333,"h":936},"rotated":false,"trimmed":false,"spriteSourceSize":{"x":0,"y":0,"w":1333,"h":936},"sourceSize":{"w":1333,"h":936}},"FR_Adventurer_Idle_001":{"frame":{"x":2668,"y":1874,"w":1333,"h":936},"rotated":false,"trimmed":false,"spriteSourceSize":{"x":0,"y":0,"w":1333,"h":936},"sourceSize":{"w":1333,"h":936}},"FR_Adventurer_Idle_002":{"frame":{"x":2668,"y":2811,"w":1333,"h":936},"rotated":false,"trimmed":false,"spriteSourceSize":{"x":0,"y":0,"w":1333,"h":936},"sourceSize":{"w":1333,"h":936}},"FR_Adventurer_Run_005":{"frame":{"x":0,"y":3748,"w":1333,"h":936},"rotated":false,"trimmed":false,"spriteSourceSize":{"x":0,"y":0,"w":1333,"h":936},"sourceSize":{"w":1333,"h":936}},"FR_Adventurer_Run_006":{"frame":{"x":1334,"y":3748,"w":1333,"h":936},"rotated":false,"trimmed":false,"spriteSourceSize":{"x":0,"y":0,"w":1333,"h":936},"sourceSize":{"w":1333,"h":936}},"FR_Adventurer_Run_007":{"frame":{"x":2668,"y":3748,"w":1333,"h":936},"rotated":false,"trimmed":false,"spriteSourceSize":{"x":0,"y":0,"w":1333,"h":936},"sourceSize":{"w":1333,"h":936}},"FR_Adventurer_Run_008":{"frame":{"x":4002,"y":0,"w":1333,"h":936},"rotated":false,"trimmed":false,"spriteSourceSize":{"x":0,"y":0,"w":1333,"h":936},"sourceSize":{"w":1333,"h":936}},"FR_Adventurer_Run_009":{"frame":{"x":4002,"y":937,"w":1333,"h":936},"rotated":false,"trimmed":false,"spriteSourceSize":{"x":0,"y":0,"w":1333,"h":936},"sourceSize":{"w":1333,"h":936}},"FR_Adventurer_Run_001":{"frame":{"x":4002,"y":1874,"w":1333,"h":936},"rotated":false,"trimmed":false,"spriteSourceSize":{"x":0,"y":0,"w":1333,"h":936},"sourceSize":{"w":1333,"h":936}},"FR_Adventurer_Run_000":{"frame":{"x":4002,"y":2811,"w":1333,"h":936},"rotated":false,"trimmed":false,"spriteSourceSize":{"x":0,"y":0,"w":1333,"h":936},"sourceSize":{"w":1333,"h":936}},"FR_Adventurer_Run_002":{"frame":{"x":4002,"y":3748,"w":1333,"h":936},"rotated":false,"trimmed":false,"spriteSourceSize":{"x":0,"y":0,"w":1333,"h":936},"sourceSize":{"w":1333,"h":936}},"FR_Adventurer_Run_003":{"frame":{"x":0,"y":4685,"w":1333,"h":936},"rotated":false,"trimmed":false,"spriteSourceSize":{"x":0,"y":0,"w":1333,"h":936},"sourceSize":{"w":1333,"h":936}},"FR_Adventurer_Run_004":{"frame":{"x":1334,"y":4685,"w":1333,"h":936},"rotated":false,"trimmed":false,"spriteSourceSize":{"x":0,"y":0,"w":1333,"h":936},"sourceSize":{"w":1333,"h":936}},"FR_Adventurer_Slash_005":{"frame":{"x":2668,"y":4685,"w":1333,"h":936},"rotated":false,"trimmed":false,"spriteSourceSize":{"x":0,"y":0,"w":1333,"h":936},"sourceSize":{"w":1333,"h":936}},"FR_Adventurer_Slash_006":{"frame":{"x":4002,"y":4685,"w":1333,"h":936},"rotated":false,"trimmed":false,"spriteSourceSize":{"x":0,"y":0,"w":1333,"h":936},"sourceSize":{"w":1333,"h":936}},"FR_Adventurer_Slash_002":{"frame":{"x":0,"y":5622,"w":1333,"h":936},"rotated":false,"trimmed":false,"spriteSourceSize":{"x":0,"y":0,"w":1333,"h":936},"sourceSize":{"w":1333,"h":936}},"FR_Adventurer_Slash_004":{"frame":{"x":1334,"y":5622,"w":1333,"h":936},"rotated":false,"trimmed":false,"spriteSourceSize":{"x":0,"y":0,"w":1333,"h":936},"sourceSize":{"w":1333,"h":936}},"FR_Adventurer_Slash_003":{"frame":{"x":2668,"y":5622,"w":1333,"h":936},"rotated":false,"trimmed":false,"spriteSourceSize":{"x":0,"y":0,"w":1333,"h":936},"sourceSize":{"w":1333,"h":936}},"FR_Adventurer_Slash_001":{"frame":{"x":4002,"y":5622,"w":1333,"h":936},"rotated":false,"trimmed":false,"spriteSourceSize":{"x":0,"y":0,"w":1333,"h":936},"sourceSize":{"w":1333,"h":936}},"FR_Adventurer_Slash_007":{"frame":{"x":5336,"y":0,"w":1333,"h":936},"rotated":false,"trimmed":false,"spriteSourceSize":{"x":0,"y":0,"w":1333,"h":936},"sourceSize":{"w":1333,"h":936}},"FR_Adventurer_Slash_000":{"frame":{"x":5336,"y":937,"w":1333,"h":936},"rotated":false,"trimmed":false,"spriteSourceSize":{"x":0,"y":0,"w":1333,"h":936},"sourceSize":{"w":1333,"h":936}},"FR_Adventurer_Hurt_003":{"frame":{"x":5336,"y":1874,"w":1333,"h":936},"rotated":false,"trimmed":false,"spriteSourceSize":{"x":0,"y":0,"w":1333,"h":936},"sourceSize":{"w":1333,"h":936}},"FR_Adventurer_Hurt_002":{"frame":{"x":5336,"y":2811,"w":1333,"h":936},"rotated":false,"trimmed":false,"spriteSourceSize":{"x":0,"y":0,"w":1333,"h":936},"sourceSize":{"w":1333,"h":936}},"FR_Adventurer_Hurt_000":{"frame":{"x":5336,"y":3748,"w":1333,"h":936},"rotated":false,"trimmed":false,"spriteSourceSize":{"x":0,"y":0,"w":1333,"h":936},"sourceSize":{"w":1333,"h":936}},"FR_Adventurer_Hurt_004":{"frame":{"x":5336,"y":4685,"w":1333,"h":936},"rotated":false,"trimmed":false,"spriteSourceSize":{"x":0,"y":0,"w":1333,"h":936},"sourceSize":{"w":1333,"h":936}},"FR_Adventurer_Hurt_001":{"frame":{"x":5336,"y":5622,"w":1333,"h":936},"rotated":false,"trimmed":false,"spriteSourceSize":{"x":0,"y":0,"w":1333,"h":936},"sourceSize":{"w":1333,"h":936}},"FR_Adventurer_Hurt_005":{"frame":{"x":0,"y":6559,"w":1333,"h":936},"rotated":false,"trimmed":false,"spriteSourceSize":{"x":0,"y":0,"w":1333,"h":936},"sourceSize":{"w":1333,"h":936}},"FR_Adventurer_Dead_005":{"frame":{"x":1334,"y":6559,"w":1333,"h":936},"rotated":false,"trimmed":false,"spriteSourceSize":{"x":0,"y":0,"w":1333,"h":936},"sourceSize":{"w":1333,"h":936}},"FR_Adventurer_Dead_006":{"frame":{"x":2668,"y":6559,"w":1333,"h":936},"rotated":false,"trimmed":false,"spriteSourceSize":{"x":0,"y":0,"w":1333,"h":936},"sourceSize":{"w":1333,"h":936}},"FR_Adventurer_Dead_007":{"frame":{"x":4002,"y":6559,"w":1333,"h":936},"rotated":false,"trimmed":false,"spriteSourceSize":{"x":0,"y":0,"w":1333,"h":936},"sourceSize":{"w":1333,"h":936}},"FR_Adventurer_Dead_008":{"frame":{"x":5336,"y":6559,"w":1333,"h":936},"rotated":false,"trimmed":false,"spriteSourceSize":{"x":0,"y":0,"w":1333,"h":936},"sourceSize":{"w":1333,"h":936}},"FR_Adventurer_Dead_000":{"frame":{"x":6670,"y":0,"w":1333,"h":936},"rotated":false,"trimmed":false,"spriteSourceSize":{"x":0,"y":0,"w":1333,"h":936},"sourceSize":{"w":1333,"h":936}},"FR_Adventurer_Dead_003":{"frame":{"x":6670,"y":937,"w":1333,"h":936},"rotated":false,"trimmed":false,"spriteSourceSize":{"x":0,"y":0,"w":1333,"h":936},"sourceSize":{"w":1333,"h":936}},"FR_Adventurer_Dead_004":{"frame":{"x":6670,"y":1874,"w":1333,"h":936},"rotated":false,"trimmed":false,"spriteSourceSize":{"x":0,"y":0,"w":1333,"h":936},"sourceSize":{"w":1333,"h":936}},"FR_Adventurer_Dead_001":{"frame":{"x":6670,"y":2811,"w":1333,"h":936},"rotated":false,"trimmed":false,"spriteSourceSize":{"x":0,"y":0,"w":1333,"h":936},"sourceSize":{"w":1333,"h":936}},"FR_Adventurer_Dead_002":{"frame":{"x":6670,"y":3748,"w":1333,"h":936},"rotated":false,"trimmed":false,"spriteSourceSize":{"x":0,"y":0,"w":1333,"h":936},"sourceSize":{"w":1333,"h":936}}},"meta":{"app":"https://www.leshylabs.com/apps/sstool/","version":"Leshy SpriteSheet Tool v0.8.4","image":"player.png","size":{"w":8003,"h":7495},"scale":1}}