{"frames":{"boom008":{"frame":{"x":0,"y":0,"w":96,"h":108},"rotated":false,"trimmed":false,"spriteSourceSize":{"x":0,"y":0,"w":96,"h":108},"sourceSize":{"w":96,"h":108}},"boom009":{"frame":{"x":97,"y":0,"w":96,"h":108},"rotated":false,"trimmed":false,"spriteSourceSize":{"x":0,"y":0,"w":96,"h":108},"sourceSize":{"w":96,"h":108}},"boom001":{"frame":{"x":0,"y":109,"w":96,"h":108},"rotated":false,"trimmed":false,"spriteSourceSize":{"x":0,"y":0,"w":96,"h":108},"sourceSize":{"w":96,"h":108}},"boom002":{"frame":{"x":97,"y":109,"w":96,"h":108},"rotated":false,"trimmed":false,"spriteSourceSize":{"x":0,"y":0,"w":96,"h":108},"sourceSize":{"w":96,"h":108}},"boom003":{"frame":{"x":194,"y":0,"w":96,"h":108},"rotated":false,"trimmed":false,"spriteSourceSize":{"x":0,"y":0,"w":96,"h":108},"sourceSize":{"w":96,"h":108}},"boom004":{"frame":{"x":194,"y":109,"w":96,"h":108},"rotated":false,"trimmed":false,"spriteSourceSize":{"x":0,"y":0,"w":96,"h":108},"sourceSize":{"w":96,"h":108}},"boom005":{"frame":{"x":0,"y":218,"w":96,"h":108},"rotated":false,"trimmed":false,"spriteSourceSize":{"x":0,"y":0,"w":96,"h":108},"sourceSize":{"w":96,"h":108}},"boom006":{"frame":{"x":97,"y":218,"w":96,"h":108},"rotated":false,"trimmed":false,"spriteSourceSize":{"x":0,"y":0,"w":96,"h":108},"sourceSize":{"w":96,"h":108}},"boom007":{"frame":{"x":194,"y":218,"w":96,"h":108},"rotated":false,"trimmed":false,"spriteSourceSize":{"x":0,"y":0,"w":96,"h":108},"sourceSize":{"w":96,"h":108}},"boomon001":{"frame":{"x":291,"y":0,"w":96,"h":108},"rotated":false,"trimmed":false,"spriteSourceSize":{"x":0,"y":0,"w":96,"h":108},"sourceSize":{"w":96,"h":108}},"boomon002":{"frame":{"x":291,"y":109,"w":96,"h":108},"rotated":false,"trimmed":false,"spriteSourceSize":{"x":0,"y":0,"w":96,"h":108},"sourceSize":{"w":96,"h":108}},"boomon003":{"frame":{"x":291,"y":218,"w":96,"h":108},"rotated":false,"trimmed":false,"spriteSourceSize":{"x":0,"y":0,"w":96,"h":108},"sourceSize":{"w":96,"h":108}},"boomon004":{"frame":{"x":0,"y":327,"w":96,"h":108},"rotated":false,"trimmed":false,"spriteSourceSize":{"x":0,"y":0,"w":96,"h":108},"sourceSize":{"w":96,"h":108}},"boomon005":{"frame":{"x":97,"y":327,"w":96,"h":108},"rotated":false,"trimmed":false,"spriteSourceSize":{"x":0,"y":0,"w":96,"h":108},"sourceSize":{"w":96,"h":108}},"boomon006":{"frame":{"x":194,"y":327,"w":96,"h":108},"rotated":false,"trimmed":false,"spriteSourceSize":{"x":0,"y":0,"w":96,"h":108},"sourceSize":{"w":96,"h":108}},"boomon007":{"frame":{"x":291,"y":327,"w":96,"h":108},"rotated":false,"trimmed":false,"spriteSourceSize":{"x":0,"y":0,"w":96,"h":108},"sourceSize":{"w":96,"h":108}},"boomon008":{"frame":{"x":388,"y":0,"w":96,"h":108},"rotated":false,"trimmed":false,"spriteSourceSize":{"x":0,"y":0,"w":96,"h":108},"sourceSize":{"w":96,"h":108}},"boomon009":{"frame":{"x":388,"y":109,"w":96,"h":108},"rotated":false,"trimmed":false,"spriteSourceSize":{"x":0,"y":0,"w":96,"h":108},"sourceSize":{"w":96,"h":108}},"boomon0010":{"frame":{"x":388,"y":218,"w":96,"h":108},"rotated":false,"trimmed":false,"spriteSourceSize":{"x":0,"y":0,"w":96,"h":108},"sourceSize":{"w":96,"h":108}}},"meta":{"app":"https://www.leshylabs.com/apps/sstool/","version":"Leshy SpriteSheet Tool v0.8.4","image":"boom.png","size":{"w":484,"h":435},"scale":1}}